{
  "Packages": [
    {
      "Package": {
        "Id": "UiPath.System.Activities",
        "Version": "23.8.1-preview"
      },
      "Assemblies": [
        "C:\\Users\\silviu.georgescu\\.nuget\\packages\\csvhelper\\16.0.0\\lib/netstandard2.1/CsvHelper.dll",
        "C:\\Users\\silviu.georgescu\\.nuget\\packages\\microsoft.aspnet.signalr.client\\2.4.0\\lib/netstandard2.0/Microsoft.AspNet.SignalR.Client.dll",
        "C:\\Users\\silviu.georgescu\\.nuget\\packages\\microsoft.aspnetcore.connections.abstractions\\3.1.6\\lib/netcoreapp3.1/Microsoft.AspNetCore.Connections.Abstractions.dll",
        "C:\\Users\\silviu.georgescu\\.nuget\\packages\\microsoft.aspnetcore.http.connections.client\\3.1.6\\lib/netstandard2.1/Microsoft.AspNetCore.Http.Connections.Client.dll",
        "C:\\Users\\silviu.georgescu\\.nuget\\packages\\microsoft.aspnetcore.http.connections.common\\3.1.6\\lib/netcoreapp3.1/Microsoft.AspNetCore.Http.Connections.Common.dll",
        "C:\\Users\\silviu.georgescu\\.nuget\\packages\\microsoft.aspnetcore.http.features\\3.1.6\\lib/netcoreapp3.1/Microsoft.AspNetCore.Http.Features.dll",
        "C:\\Users\\silviu.georgescu\\.nuget\\packages\\microsoft.aspnetcore.signalr.client\\3.1.6\\lib/netstandard2.0/Microsoft.AspNetCore.SignalR.Client.dll",
        "C:\\Users\\silviu.georgescu\\.nuget\\packages\\microsoft.aspnetcore.signalr.client.core\\3.1.6\\lib/netstandard2.1/Microsoft.AspNetCore.SignalR.Client.Core.dll",
        "C:\\Users\\silviu.georgescu\\.nuget\\packages\\microsoft.aspnetcore.signalr.common\\3.1.6\\lib/netcoreapp3.1/Microsoft.AspNetCore.SignalR.Common.dll",
        "C:\\Users\\silviu.georgescu\\.nuget\\packages\\microsoft.aspnetcore.signalr.protocols.json\\3.1.6\\lib/netcoreapp3.1/Microsoft.AspNetCore.SignalR.Protocols.Json.dll",
        "C:\\Users\\silviu.georgescu\\.nuget\\packages\\microsoft.codeanalysis.common\\4.5.0-2.22527.10\\lib/netcoreapp3.1/Microsoft.CodeAnalysis.dll",
        "C:\\Users\\silviu.georgescu\\.nuget\\packages\\microsoft.codeanalysis.csharp\\4.5.0-2.22527.10\\lib/netcoreapp3.1/Microsoft.CodeAnalysis.CSharp.dll",
        "C:\\Users\\silviu.georgescu\\.nuget\\packages\\microsoft.codeanalysis.visualbasic\\4.5.0-2.22527.10\\lib/netcoreapp3.1/Microsoft.CodeAnalysis.VisualBasic.dll",
        "C:\\Users\\silviu.georgescu\\.nuget\\packages\\microsoft.extensions.configuration\\3.1.6\\lib/netcoreapp3.1/Microsoft.Extensions.Configuration.dll",
        "C:\\Users\\silviu.georgescu\\.nuget\\packages\\microsoft.extensions.configuration.abstractions\\3.1.6\\lib/netcoreapp3.1/Microsoft.Extensions.Configuration.Abstractions.dll",
        "C:\\Users\\silviu.georgescu\\.nuget\\packages\\microsoft.extensions.configuration.binder\\3.1.6\\lib/netcoreapp3.1/Microsoft.Extensions.Configuration.Binder.dll",
        "C:\\Users\\silviu.georgescu\\.nuget\\packages\\microsoft.extensions.dependencyinjection\\3.1.6\\lib/netcoreapp3.1/Microsoft.Extensions.DependencyInjection.dll",
        "C:\\Users\\silviu.georgescu\\.nuget\\packages\\microsoft.extensions.dependencyinjection.abstractions\\3.1.6\\lib/netstandard2.0/Microsoft.Extensions.DependencyInjection.Abstractions.dll",
        "C:\\Users\\silviu.georgescu\\.nuget\\packages\\microsoft.extensions.logging\\3.1.6\\lib/netcoreapp3.1/Microsoft.Extensions.Logging.dll",
        "C:\\Users\\silviu.georgescu\\.nuget\\packages\\microsoft.extensions.logging.abstractions\\3.1.6\\lib/netstandard2.0/Microsoft.Extensions.Logging.Abstractions.dll",
        "C:\\Users\\silviu.georgescu\\.nuget\\packages\\microsoft.extensions.options\\3.1.6\\lib/netcoreapp3.1/Microsoft.Extensions.Options.dll",
        "C:\\Users\\silviu.georgescu\\.nuget\\packages\\microsoft.extensions.primitives\\3.1.6\\lib/netcoreapp3.1/Microsoft.Extensions.Primitives.dll",
        "C:\\Users\\silviu.georgescu\\.nuget\\packages\\microsoft.rest.clientruntime\\2.3.21\\lib/netstandard2.0/Microsoft.Rest.ClientRuntime.dll",
        "C:\\Users\\silviu.georgescu\\.nuget\\packages\\newtonsoft.json\\13.0.1\\lib/netstandard2.0/Newtonsoft.Json.dll",
        "C:\\Users\\silviu.georgescu\\.nuget\\packages\\sharpziplib\\1.3.3\\lib/netstandard2.1/ICSharpCode.SharpZipLib.dll",
        "C:\\Users\\silviu.georgescu\\.nuget\\packages\\system.activities.viewmodels\\1.0.0-20230713.1\\lib/net5.0/System.Activities.ViewModels.dll",
        "C:\\Users\\silviu.georgescu\\.nuget\\packages\\system.io.abstractions\\3.0.10\\lib/netstandard2.0/System.IO.Abstractions.dll",
        "C:\\Users\\silviu.georgescu\\.nuget\\packages\\system.io.pipelines\\4.7.1\\lib/netcoreapp3.0/System.IO.Pipelines.dll",
        "C:\\Users\\silviu.georgescu\\.nuget\\packages\\uipath.codedworkflows\\23.6.0-preview\\lib/net6.0/UiPath.CodedWorkflows.dll",
        "C:\\Users\\silviu.georgescu\\.nuget\\packages\\uipath.platform\\23.8.0-alpha.4168429\\lib/net6.0/UiPath.Platform.dll",
        "C:\\Users\\silviu.georgescu\\.nuget\\packages\\uipath.system.activities\\23.8.1-preview\\lib/net6.0/UiPath.System.Activities.ViewModels.dll",
        "C:\\Users\\silviu.georgescu\\.nuget\\packages\\uipath.system.activities.runtime.portable\\23.8.1-preview\\lib/net6.0/UiPath.OrchestratorClient.dll",
        "C:\\Users\\silviu.georgescu\\.nuget\\packages\\uipath.system.activities.runtime.portable\\23.8.1-preview\\lib/net6.0/UiPath.System.Activities.Api.dll",
        "C:\\Users\\silviu.georgescu\\.nuget\\packages\\uipath.system.activities.runtime.portable\\23.8.1-preview\\lib/net6.0/UiPath.System.Activities.dll",
        "C:\\Users\\silviu.georgescu\\.nuget\\packages\\uipath.telemetry.client\\1.5.3\\lib/netstandard2.0/TelemetryClient.dll"
      ],
      "Path": "C:\\Users\\silviu.georgescu\\.nuget\\packages\\uipath.system.activities\\23.8.1-preview"
    }
  ],
  "Conflicts": [],
  "ResolvedDependencies": {
    "CsvHelper": {
      "Id": "CsvHelper",
      "Version": "16.0.0",
      "Dependencies": [
        {
          "Item1": "Microsoft.CSharp",
          "Item2": "[4.5.0, )"
        }
      ]
    },
    "Microsoft.AspNet.SignalR.Client": {
      "Id": "Microsoft.AspNet.SignalR.Client",
      "Version": "2.4.0",
      "Dependencies": [
        {
          "Item1": "Newtonsoft.Json",
          "Item2": "[11.0.2, )"
        }
      ]
    },
    "Microsoft.AspNetCore.Connections.Abstractions": {
      "Id": "Microsoft.AspNetCore.Connections.Abstractions",
      "Version": "3.1.6",
      "Dependencies": [
        {
          "Item1": "Microsoft.AspNetCore.Http.Features",
          "Item2": "[3.1.6, )"
        },
        {
          "Item1": "System.IO.Pipelines",
          "Item2": "[4.7.1, )"
        }
      ]
    },
    "Microsoft.AspNetCore.Http.Connections.Client": {
      "Id": "Microsoft.AspNetCore.Http.Connections.Client",
      "Version": "3.1.6",
      "Dependencies": [
        {
          "Item1": "Microsoft.AspNetCore.Http.Connections.Common",
          "Item2": "[3.1.6, )"
        },
        {
          "Item1": "Microsoft.Extensions.Logging.Abstractions",
          "Item2": "[3.1.6, )"
        },
        {
          "Item1": "Microsoft.Extensions.Options",
          "Item2": "[3.1.6, )"
        }
      ]
    },
    "Microsoft.AspNetCore.Http.Connections.Common": {
      "Id": "Microsoft.AspNetCore.Http.Connections.Common",
      "Version": "3.1.6",
      "Dependencies": [
        {
          "Item1": "Microsoft.AspNetCore.Connections.Abstractions",
          "Item2": "[3.1.6, )"
        }
      ]
    },
    "Microsoft.AspNetCore.Http.Features": {
      "Id": "Microsoft.AspNetCore.Http.Features",
      "Version": "3.1.6",
      "Dependencies": [
        {
          "Item1": "Microsoft.Extensions.Primitives",
          "Item2": "[3.1.6, )"
        },
        {
          "Item1": "System.IO.Pipelines",
          "Item2": "[4.7.1, )"
        }
      ]
    },
    "Microsoft.AspNetCore.SignalR.Client": {
      "Id": "Microsoft.AspNetCore.SignalR.Client",
      "Version": "3.1.6",
      "Dependencies": [
        {
          "Item1": "Microsoft.AspNetCore.SignalR.Client.Core",
          "Item2": "[3.1.6, )"
        },
        {
          "Item1": "Microsoft.AspNetCore.Http.Connections.Client",
          "Item2": "[3.1.6, )"
        }
      ]
    },
    "Microsoft.AspNetCore.SignalR.Client.Core": {
      "Id": "Microsoft.AspNetCore.SignalR.Client.Core",
      "Version": "3.1.6",
      "Dependencies": [
        {
          "Item1": "Microsoft.AspNetCore.SignalR.Protocols.Json",
          "Item2": "[3.1.6, )"
        },
        {
          "Item1": "Microsoft.AspNetCore.SignalR.Common",
          "Item2": "[3.1.6, )"
        },
        {
          "Item1": "Microsoft.Extensions.DependencyInjection",
          "Item2": "[3.1.6, )"
        },
        {
          "Item1": "Microsoft.Extensions.Logging",
          "Item2": "[3.1.6, )"
        },
        {
          "Item1": "System.Threading.Channels",
          "Item2": "[4.7.1, )"
        }
      ]
    },
    "Microsoft.AspNetCore.SignalR.Common": {
      "Id": "Microsoft.AspNetCore.SignalR.Common",
      "Version": "3.1.6",
      "Dependencies": [
        {
          "Item1": "Microsoft.AspNetCore.Connections.Abstractions",
          "Item2": "[3.1.6, )"
        },
        {
          "Item1": "Microsoft.Extensions.Options",
          "Item2": "[3.1.6, )"
        }
      ]
    },
    "Microsoft.AspNetCore.SignalR.Protocols.Json": {
      "Id": "Microsoft.AspNetCore.SignalR.Protocols.Json",
      "Version": "3.1.6",
      "Dependencies": [
        {
          "Item1": "Microsoft.AspNetCore.SignalR.Common",
          "Item2": "[3.1.6, )"
        }
      ]
    },
    "Microsoft.CodeAnalysis.Analyzers": {
      "Id": "Microsoft.CodeAnalysis.Analyzers",
      "Version": "3.3.3",
      "Dependencies": []
    },
    "Microsoft.CodeAnalysis.Common": {
      "Id": "Microsoft.CodeAnalysis.Common",
      "Version": "4.5.0-2.22527.10",
      "Dependencies": [
        {
          "Item1": "Microsoft.CodeAnalysis.Analyzers",
          "Item2": "[3.3.3, )"
        },
        {
          "Item1": "System.Collections.Immutable",
          "Item2": "[6.0.0, )"
        },
        {
          "Item1": "System.Memory",
          "Item2": "[4.5.5, )"
        },
        {
          "Item1": "System.Reflection.Metadata",
          "Item2": "[5.0.0, )"
        },
        {
          "Item1": "System.Runtime.CompilerServices.Unsafe",
          "Item2": "[6.0.0, )"
        },
        {
          "Item1": "System.Text.Encoding.CodePages",
          "Item2": "[6.0.0, )"
        },
        {
          "Item1": "System.Threading.Tasks.Extensions",
          "Item2": "[4.5.4, )"
        }
      ]
    },
    "Microsoft.CodeAnalysis.CSharp": {
      "Id": "Microsoft.CodeAnalysis.CSharp",
      "Version": "4.5.0-2.22527.10",
      "Dependencies": [
        {
          "Item1": "Microsoft.CodeAnalysis.Common",
          "Item2": "[4.5.0-2.22527.10, 4.5.0-2.22527.10]"
        }
      ]
    },
    "Microsoft.CodeAnalysis.VisualBasic": {
      "Id": "Microsoft.CodeAnalysis.VisualBasic",
      "Version": "4.5.0-2.22527.10",
      "Dependencies": [
        {
          "Item1": "Microsoft.CodeAnalysis.Common",
          "Item2": "[4.5.0-2.22527.10, 4.5.0-2.22527.10]"
        }
      ]
    },
    "Microsoft.CSharp": {
      "Id": "Microsoft.CSharp",
      "Version": "4.7.0",
      "Dependencies": []
    },
    "Microsoft.Extensions.Configuration": {
      "Id": "Microsoft.Extensions.Configuration",
      "Version": "3.1.6",
      "Dependencies": [
        {
          "Item1": "Microsoft.Extensions.Configuration.Abstractions",
          "Item2": "[3.1.6, )"
        }
      ]
    },
    "Microsoft.Extensions.Configuration.Abstractions": {
      "Id": "Microsoft.Extensions.Configuration.Abstractions",
      "Version": "3.1.6",
      "Dependencies": [
        {
          "Item1": "Microsoft.Extensions.Primitives",
          "Item2": "[3.1.6, )"
        }
      ]
    },
    "Microsoft.Extensions.Configuration.Binder": {
      "Id": "Microsoft.Extensions.Configuration.Binder",
      "Version": "3.1.6",
      "Dependencies": [
        {
          "Item1": "Microsoft.Extensions.Configuration",
          "Item2": "[3.1.6, )"
        }
      ]
    },
    "Microsoft.Extensions.DependencyInjection": {
      "Id": "Microsoft.Extensions.DependencyInjection",
      "Version": "3.1.6",
      "Dependencies": [
        {
          "Item1": "Microsoft.Extensions.DependencyInjection.Abstractions",
          "Item2": "[3.1.6, )"
        }
      ]
    },
    "Microsoft.Extensions.DependencyInjection.Abstractions": {
      "Id": "Microsoft.Extensions.DependencyInjection.Abstractions",
      "Version": "3.1.6",
      "Dependencies": []
    },
    "Microsoft.Extensions.Logging": {
      "Id": "Microsoft.Extensions.Logging",
      "Version": "3.1.6",
      "Dependencies": [
        {
          "Item1": "Microsoft.Extensions.Configuration.Binder",
          "Item2": "[3.1.6, )"
        },
        {
          "Item1": "Microsoft.Extensions.DependencyInjection",
          "Item2": "[3.1.6, )"
        },
        {
          "Item1": "Microsoft.Extensions.Logging.Abstractions",
          "Item2": "[3.1.6, )"
        },
        {
          "Item1": "Microsoft.Extensions.Options",
          "Item2": "[3.1.6, )"
        }
      ]
    },
    "Microsoft.Extensions.Logging.Abstractions": {
      "Id": "Microsoft.Extensions.Logging.Abstractions",
      "Version": "3.1.6",
      "Dependencies": []
    },
    "Microsoft.Extensions.Options": {
      "Id": "Microsoft.Extensions.Options",
      "Version": "3.1.6",
      "Dependencies": [
        {
          "Item1": "Microsoft.Extensions.DependencyInjection.Abstractions",
          "Item2": "[3.1.6, )"
        },
        {
          "Item1": "Microsoft.Extensions.Primitives",
          "Item2": "[3.1.6, )"
        }
      ]
    },
    "Microsoft.Extensions.Primitives": {
      "Id": "Microsoft.Extensions.Primitives",
      "Version": "3.1.6",
      "Dependencies": []
    },
    "Microsoft.NETCore.Platforms": {
      "Id": "Microsoft.NETCore.Platforms",
      "Version": "2.0.0",
      "Dependencies": []
    },
    "Microsoft.Rest.ClientRuntime": {
      "Id": "Microsoft.Rest.ClientRuntime",
      "Version": "2.3.21",
      "Dependencies": [
        {
          "Item1": "Newtonsoft.Json",
          "Item2": "[10.0.3, )"
        }
      ]
    },
    "Microsoft.VisualBasic": {
      "Id": "Microsoft.VisualBasic",
      "Version": "10.3.0",
      "Dependencies": []
    },
    "Newtonsoft.Json": {
      "Id": "Newtonsoft.Json",
      "Version": "13.0.1",
      "Dependencies": []
    },
    "SharpZipLib": {
      "Id": "SharpZipLib",
      "Version": "1.3.3",
      "Dependencies": []
    },
    "System.Activities.ViewModels": {
      "Id": "System.Activities.ViewModels",
      "Version": "1.0.0-20230713.1",
      "Dependencies": []
    },
    "System.Collections.Immutable": {
      "Id": "System.Collections.Immutable",
      "Version": "6.0.0",
      "Dependencies": [
        {
          "Item1": "System.Runtime.CompilerServices.Unsafe",
          "Item2": "[6.0.0, )"
        }
      ]
    },
    "System.IO.Abstractions": {
      "Id": "System.IO.Abstractions",
      "Version": "3.0.10",
      "Dependencies": [
        {
          "Item1": "System.IO.FileSystem.AccessControl",
          "Item2": "[4.5.0, )"
        }
      ]
    },
    "System.IO.FileSystem.AccessControl": {
      "Id": "System.IO.FileSystem.AccessControl",
      "Version": "4.5.0",
      "Dependencies": [
        {
          "Item1": "System.Security.AccessControl",
          "Item2": "[4.5.0, )"
        },
        {
          "Item1": "System.Security.Principal.Windows",
          "Item2": "[4.5.0, )"
        }
      ]
    },
    "System.IO.Pipelines": {
      "Id": "System.IO.Pipelines",
      "Version": "4.7.1",
      "Dependencies": []
    },
    "System.Memory": {
      "Id": "System.Memory",
      "Version": "4.5.5",
      "Dependencies": []
    },
    "System.Reflection.Metadata": {
      "Id": "System.Reflection.Metadata",
      "Version": "5.0.0",
      "Dependencies": []
    },
    "System.Runtime.CompilerServices.Unsafe": {
      "Id": "System.Runtime.CompilerServices.Unsafe",
      "Version": "6.0.0",
      "Dependencies": []
    },
    "System.Security.AccessControl": {
      "Id": "System.Security.AccessControl",
      "Version": "4.5.0",
      "Dependencies": [
        {
          "Item1": "Microsoft.NETCore.Platforms",
          "Item2": "[2.0.0, )"
        },
        {
          "Item1": "System.Security.Principal.Windows",
          "Item2": "[4.5.0, )"
        }
      ]
    },
    "System.Security.Principal.Windows": {
      "Id": "System.Security.Principal.Windows",
      "Version": "4.5.0",
      "Dependencies": [
        {
          "Item1": "Microsoft.NETCore.Platforms",
          "Item2": "[2.0.0, )"
        }
      ]
    },
    "System.Text.Encoding.CodePages": {
      "Id": "System.Text.Encoding.CodePages",
      "Version": "6.0.0",
      "Dependencies": [
        {
          "Item1": "System.Runtime.CompilerServices.Unsafe",
          "Item2": "[6.0.0, )"
        }
      ]
    },
    "System.Threading.Channels": {
      "Id": "System.Threading.Channels",
      "Version": "4.7.1",
      "Dependencies": []
    },
    "System.Threading.Tasks.Dataflow": {
      "Id": "System.Threading.Tasks.Dataflow",
      "Version": "5.0.0",
      "Dependencies": []
    },
    "System.Threading.Tasks.Extensions": {
      "Id": "System.Threading.Tasks.Extensions",
      "Version": "4.5.4",
      "Dependencies": []
    },
    "System.ValueTuple": {
      "Id": "System.ValueTuple",
      "Version": "4.5.0",
      "Dependencies": []
    },
    "UiPath.CodedWorkflows": {
      "Id": "UiPath.CodedWorkflows",
      "Version": "23.6.0-preview",
      "Dependencies": [
        {
          "Item1": "Newtonsoft.Json",
          "Item2": "[13.0.1, )"
        },
        {
          "Item1": "System.IO.Abstractions",
          "Item2": "[3.0.10, )"
        },
        {
          "Item1": "System.ValueTuple",
          "Item2": "[4.5.0, )"
        }
      ]
    },
    "UiPath.Platform": {
      "Id": "UiPath.Platform",
      "Version": "23.8.0-alpha.4168429",
      "Dependencies": [
        {
          "Item1": "Newtonsoft.Json",
          "Item2": "[13.0.1, )"
        },
        {
          "Item1": "System.IO.Abstractions",
          "Item2": "[3.0.10, )"
        },
        {
          "Item1": "System.ValueTuple",
          "Item2": "[4.5.0, )"
        }
      ]
    },
    "UiPath.System.Activities": {
      "Id": "UiPath.System.Activities",
      "Version": "23.8.1-preview",
      "Dependencies": [
        {
          "Item1": "UiPath.System.Activities.Runtime.Portable",
          "Item2": "[23.8.1-preview, )"
        },
        {
          "Item1": "CsvHelper",
          "Item2": "[16.0.0, )"
        },
        {
          "Item1": "Microsoft.AspNet.SignalR.Client",
          "Item2": "[2.4.0, )"
        },
        {
          "Item1": "Microsoft.AspNetCore.SignalR.Client",
          "Item2": "[3.1.6, )"
        },
        {
          "Item1": "Microsoft.CSharp",
          "Item2": "[4.7.0, )"
        },
        {
          "Item1": "Microsoft.CodeAnalysis.CSharp",
          "Item2": "[4.5.0-2.22527.10, )"
        },
        {
          "Item1": "Microsoft.CodeAnalysis.Common",
          "Item2": "[4.5.0-2.22527.10, )"
        },
        {
          "Item1": "Microsoft.CodeAnalysis.VisualBasic",
          "Item2": "[4.5.0-2.22527.10, )"
        },
        {
          "Item1": "Microsoft.Rest.ClientRuntime",
          "Item2": "[2.3.21, )"
        },
        {
          "Item1": "Microsoft.VisualBasic",
          "Item2": "[10.3.0, )"
        },
        {
          "Item1": "SharpZipLib",
          "Item2": "[1.3.3, )"
        },
        {
          "Item1": "System.Activities.ViewModels",
          "Item2": "[1.0.0-20230713.1, )"
        },
        {
          "Item1": "UiPath.CodedWorkflows",
          "Item2": "[23.6.0-preview, )"
        },
        {
          "Item1": "UiPath.Platform",
          "Item2": "[23.8.0-alpha.4168429, )"
        },
        {
          "Item1": "UiPath.Telemetry.Client",
          "Item2": "[1.5.3, )"
        }
      ]
    },
    "UiPath.System.Activities.Runtime.Portable": {
      "Id": "UiPath.System.Activities.Runtime.Portable",
      "Version": "23.8.1-preview",
      "Dependencies": [
        {
          "Item1": "CsvHelper",
          "Item2": "[16.0.0, )"
        },
        {
          "Item1": "Microsoft.AspNet.SignalR.Client",
          "Item2": "[2.4.0, )"
        },
        {
          "Item1": "Microsoft.AspNetCore.SignalR.Client",
          "Item2": "[3.1.6, )"
        },
        {
          "Item1": "Microsoft.CSharp",
          "Item2": "[4.7.0, )"
        },
        {
          "Item1": "Microsoft.CodeAnalysis.CSharp",
          "Item2": "[4.5.0-2.22527.10, )"
        },
        {
          "Item1": "Microsoft.CodeAnalysis.Common",
          "Item2": "[4.5.0-2.22527.10, )"
        },
        {
          "Item1": "Microsoft.CodeAnalysis.VisualBasic",
          "Item2": "[4.5.0-2.22527.10, )"
        },
        {
          "Item1": "Microsoft.Rest.ClientRuntime",
          "Item2": "[2.3.21, )"
        },
        {
          "Item1": "Microsoft.VisualBasic",
          "Item2": "[10.3.0, )"
        },
        {
          "Item1": "SharpZipLib",
          "Item2": "[1.3.3, )"
        },
        {
          "Item1": "UiPath.CodedWorkflows",
          "Item2": "[23.6.0-preview, )"
        },
        {
          "Item1": "UiPath.Platform",
          "Item2": "[23.8.0-alpha.4168429, )"
        },
        {
          "Item1": "UiPath.Telemetry.Client",
          "Item2": "[1.5.3, )"
        }
      ]
    },
    "UiPath.Telemetry.Client": {
      "Id": "UiPath.Telemetry.Client",
      "Version": "1.5.3",
      "Dependencies": [
        {
          "Item1": "Newtonsoft.Json",
          "Item2": "[11.0.2, )"
        },
        {
          "Item1": "System.Threading.Tasks.Dataflow",
          "Item2": "[5.0.0, )"
        },
        {
          "Item1": "System.ValueTuple",
          "Item2": "[4.5.0, )"
        }
      ]
    }
  },
  "AllPackages": [
    {
      "Package": {
        "Id": "CsvHelper",
        "Version": "16.0.0"
      },
      "Assemblies": [
        "C:\\Users\\silviu.georgescu\\.nuget\\packages\\csvhelper\\16.0.0\\lib\\netstandard2.1\\CsvHelper.dll"
      ],
      "Path": "C:\\Users\\silviu.georgescu\\.nuget\\packages\\csvhelper\\16.0.0"
    },
    {
      "Package": {
        "Id": "Microsoft.AspNet.SignalR.Client",
        "Version": "2.4.0"
      },
      "Assemblies": [
        "C:\\Users\\silviu.georgescu\\.nuget\\packages\\microsoft.aspnet.signalr.client\\2.4.0\\lib\\netstandard2.0\\Microsoft.AspNet.SignalR.Client.dll"
      ],
      "Path": "C:\\Users\\silviu.georgescu\\.nuget\\packages\\microsoft.aspnet.signalr.client\\2.4.0"
    },
    {
      "Package": {
        "Id": "Microsoft.AspNetCore.Connections.Abstractions",
        "Version": "3.1.6"
      },
      "Assemblies": [
        "C:\\Users\\silviu.georgescu\\.nuget\\packages\\microsoft.aspnetcore.connections.abstractions\\3.1.6\\lib\\netcoreapp3.1\\Microsoft.AspNetCore.Connections.Abstractions.dll"
      ],
      "Path": "C:\\Users\\silviu.georgescu\\.nuget\\packages\\microsoft.aspnetcore.connections.abstractions\\3.1.6"
    },
    {
      "Package": {
        "Id": "Microsoft.AspNetCore.Http.Connections.Client",
        "Version": "3.1.6"
      },
      "Assemblies": [
        "C:\\Users\\silviu.georgescu\\.nuget\\packages\\microsoft.aspnetcore.http.connections.client\\3.1.6\\lib\\netstandard2.1\\Microsoft.AspNetCore.Http.Connections.Client.dll"
      ],
      "Path": "C:\\Users\\silviu.georgescu\\.nuget\\packages\\microsoft.aspnetcore.http.connections.client\\3.1.6"
    },
    {
      "Package": {
        "Id": "Microsoft.AspNetCore.Http.Connections.Common",
        "Version": "3.1.6"
      },
      "Assemblies": [
        "C:\\Users\\silviu.georgescu\\.nuget\\packages\\microsoft.aspnetcore.http.connections.common\\3.1.6\\lib\\netcoreapp3.1\\Microsoft.AspNetCore.Http.Connections.Common.dll"
      ],
      "Path": "C:\\Users\\silviu.georgescu\\.nuget\\packages\\microsoft.aspnetcore.http.connections.common\\3.1.6"
    },
    {
      "Package": {
        "Id": "Microsoft.AspNetCore.Http.Features",
        "Version": "3.1.6"
      },
      "Assemblies": [
        "C:\\Users\\silviu.georgescu\\.nuget\\packages\\microsoft.aspnetcore.http.features\\3.1.6\\lib\\netcoreapp3.1\\Microsoft.AspNetCore.Http.Features.dll"
      ],
      "Path": "C:\\Users\\silviu.georgescu\\.nuget\\packages\\microsoft.aspnetcore.http.features\\3.1.6"
    },
    {
      "Package": {
        "Id": "Microsoft.AspNetCore.SignalR.Client",
        "Version": "3.1.6"
      },
      "Assemblies": [
        "C:\\Users\\silviu.georgescu\\.nuget\\packages\\microsoft.aspnetcore.signalr.client\\3.1.6\\lib\\netstandard2.0\\Microsoft.AspNetCore.SignalR.Client.dll"
      ],
      "Path": "C:\\Users\\silviu.georgescu\\.nuget\\packages\\microsoft.aspnetcore.signalr.client\\3.1.6"
    },
    {
      "Package": {
        "Id": "Microsoft.AspNetCore.SignalR.Client.Core",
        "Version": "3.1.6"
      },
      "Assemblies": [
        "C:\\Users\\silviu.georgescu\\.nuget\\packages\\microsoft.aspnetcore.signalr.client.core\\3.1.6\\lib\\netstandard2.1\\Microsoft.AspNetCore.SignalR.Client.Core.dll"
      ],
      "Path": "C:\\Users\\silviu.georgescu\\.nuget\\packages\\microsoft.aspnetcore.signalr.client.core\\3.1.6"
    },
    {
      "Package": {
        "Id": "Microsoft.AspNetCore.SignalR.Common",
        "Version": "3.1.6"
      },
      "Assemblies": [
        "C:\\Users\\silviu.georgescu\\.nuget\\packages\\microsoft.aspnetcore.signalr.common\\3.1.6\\lib\\netcoreapp3.1\\Microsoft.AspNetCore.SignalR.Common.dll"
      ],
      "Path": "C:\\Users\\silviu.georgescu\\.nuget\\packages\\microsoft.aspnetcore.signalr.common\\3.1.6"
    },
    {
      "Package": {
        "Id": "Microsoft.AspNetCore.SignalR.Protocols.Json",
        "Version": "3.1.6"
      },
      "Assemblies": [
        "C:\\Users\\silviu.georgescu\\.nuget\\packages\\microsoft.aspnetcore.signalr.protocols.json\\3.1.6\\lib\\netcoreapp3.1\\Microsoft.AspNetCore.SignalR.Protocols.Json.dll"
      ],
      "Path": "C:\\Users\\silviu.georgescu\\.nuget\\packages\\microsoft.aspnetcore.signalr.protocols.json\\3.1.6"
    },
    {
      "Package": {
        "Id": "Microsoft.CodeAnalysis.Analyzers",
        "Version": "3.3.3"
      },
      "Assemblies": [],
      "Path": "C:\\Users\\silviu.georgescu\\.nuget\\packages\\microsoft.codeanalysis.analyzers\\3.3.3"
    },
    {
      "Package": {
        "Id": "Microsoft.CodeAnalysis.Common",
        "Version": "4.5.0-2.22527.10"
      },
      "Assemblies": [
        "C:\\Users\\silviu.georgescu\\.nuget\\packages\\microsoft.codeanalysis.common\\4.5.0-2.22527.10\\lib\\netcoreapp3.1\\Microsoft.CodeAnalysis.dll"
      ],
      "Path": "C:\\Users\\silviu.georgescu\\.nuget\\packages\\microsoft.codeanalysis.common\\4.5.0-2.22527.10"
    },
    {
      "Package": {
        "Id": "Microsoft.CodeAnalysis.CSharp",
        "Version": "4.5.0-2.22527.10"
      },
      "Assemblies": [
        "C:\\Users\\silviu.georgescu\\.nuget\\packages\\microsoft.codeanalysis.csharp\\4.5.0-2.22527.10\\lib\\netcoreapp3.1\\Microsoft.CodeAnalysis.CSharp.dll"
      ],
      "Path": "C:\\Users\\silviu.georgescu\\.nuget\\packages\\microsoft.codeanalysis.csharp\\4.5.0-2.22527.10"
    },
    {
      "Package": {
        "Id": "Microsoft.CodeAnalysis.VisualBasic",
        "Version": "4.5.0-2.22527.10"
      },
      "Assemblies": [
        "C:\\Users\\silviu.georgescu\\.nuget\\packages\\microsoft.codeanalysis.visualbasic\\4.5.0-2.22527.10\\lib\\netcoreapp3.1\\Microsoft.CodeAnalysis.VisualBasic.dll"
      ],
      "Path": "C:\\Users\\silviu.georgescu\\.nuget\\packages\\microsoft.codeanalysis.visualbasic\\4.5.0-2.22527.10"
    },
    {
      "Package": {
        "Id": "Microsoft.CSharp",
        "Version": "4.7.0"
      },
      "Assemblies": [
        "C:\\Users\\silviu.georgescu\\.nuget\\packages\\microsoft.csharp\\4.7.0\\lib\\netcoreapp2.0\\_._"
      ],
      "Path": "C:\\Users\\silviu.georgescu\\.nuget\\packages\\microsoft.csharp\\4.7.0"
    },
    {
      "Package": {
        "Id": "Microsoft.Extensions.Configuration",
        "Version": "3.1.6"
      },
      "Assemblies": [
        "C:\\Users\\silviu.georgescu\\.nuget\\packages\\microsoft.extensions.configuration\\3.1.6\\lib\\netcoreapp3.1\\Microsoft.Extensions.Configuration.dll"
      ],
      "Path": "C:\\Users\\silviu.georgescu\\.nuget\\packages\\microsoft.extensions.configuration\\3.1.6"
    },
    {
      "Package": {
        "Id": "Microsoft.Extensions.Configuration.Abstractions",
        "Version": "3.1.6"
      },
      "Assemblies": [
        "C:\\Users\\silviu.georgescu\\.nuget\\packages\\microsoft.extensions.configuration.abstractions\\3.1.6\\lib\\netcoreapp3.1\\Microsoft.Extensions.Configuration.Abstractions.dll"
      ],
      "Path": "C:\\Users\\silviu.georgescu\\.nuget\\packages\\microsoft.extensions.configuration.abstractions\\3.1.6"
    },
    {
      "Package": {
        "Id": "Microsoft.Extensions.Configuration.Binder",
        "Version": "3.1.6"
      },
      "Assemblies": [
        "C:\\Users\\silviu.georgescu\\.nuget\\packages\\microsoft.extensions.configuration.binder\\3.1.6\\lib\\netcoreapp3.1\\Microsoft.Extensions.Configuration.Binder.dll"
      ],
      "Path": "C:\\Users\\silviu.georgescu\\.nuget\\packages\\microsoft.extensions.configuration.binder\\3.1.6"
    },
    {
      "Package": {
        "Id": "Microsoft.Extensions.DependencyInjection",
        "Version": "3.1.6"
      },
      "Assemblies": [
        "C:\\Users\\silviu.georgescu\\.nuget\\packages\\microsoft.extensions.dependencyinjection\\3.1.6\\lib\\netcoreapp3.1\\Microsoft.Extensions.DependencyInjection.dll"
      ],
      "Path": "C:\\Users\\silviu.georgescu\\.nuget\\packages\\microsoft.extensions.dependencyinjection\\3.1.6"
    },
    {
      "Package": {
        "Id": "Microsoft.Extensions.DependencyInjection.Abstractions",
        "Version": "3.1.6"
      },
      "Assemblies": [
        "C:\\Users\\silviu.georgescu\\.nuget\\packages\\microsoft.extensions.dependencyinjection.abstractions\\3.1.6\\lib\\netstandard2.0\\Microsoft.Extensions.DependencyInjection.Abstractions.dll"
      ],
      "Path": "C:\\Users\\silviu.georgescu\\.nuget\\packages\\microsoft.extensions.dependencyinjection.abstractions\\3.1.6"
    },
    {
      "Package": {
        "Id": "Microsoft.Extensions.Logging",
        "Version": "3.1.6"
      },
      "Assemblies": [
        "C:\\Users\\silviu.georgescu\\.nuget\\packages\\microsoft.extensions.logging\\3.1.6\\lib\\netcoreapp3.1\\Microsoft.Extensions.Logging.dll"
      ],
      "Path": "C:\\Users\\silviu.georgescu\\.nuget\\packages\\microsoft.extensions.logging\\3.1.6"
    },
    {
      "Package": {
        "Id": "Microsoft.Extensions.Logging.Abstractions",
        "Version": "3.1.6"
      },
      "Assemblies": [
        "C:\\Users\\silviu.georgescu\\.nuget\\packages\\microsoft.extensions.logging.abstractions\\3.1.6\\lib\\netstandard2.0\\Microsoft.Extensions.Logging.Abstractions.dll"
      ],
      "Path": "C:\\Users\\silviu.georgescu\\.nuget\\packages\\microsoft.extensions.logging.abstractions\\3.1.6"
    },
    {
      "Package": {
        "Id": "Microsoft.Extensions.Options",
        "Version": "3.1.6"
      },
      "Assemblies": [
        "C:\\Users\\silviu.georgescu\\.nuget\\packages\\microsoft.extensions.options\\3.1.6\\lib\\netcoreapp3.1\\Microsoft.Extensions.Options.dll"
      ],
      "Path": "C:\\Users\\silviu.georgescu\\.nuget\\packages\\microsoft.extensions.options\\3.1.6"
    },
    {
      "Package": {
        "Id": "Microsoft.Extensions.Primitives",
        "Version": "3.1.6"
      },
      "Assemblies": [
        "C:\\Users\\silviu.georgescu\\.nuget\\packages\\microsoft.extensions.primitives\\3.1.6\\lib\\netcoreapp3.1\\Microsoft.Extensions.Primitives.dll"
      ],
      "Path": "C:\\Users\\silviu.georgescu\\.nuget\\packages\\microsoft.extensions.primitives\\3.1.6"
    },
    {
      "Package": {
        "Id": "Microsoft.NETCore.Platforms",
        "Version": "2.0.0"
      },
      "Assemblies": [
        "C:\\Users\\silviu.georgescu\\.nuget\\packages\\microsoft.netcore.platforms\\2.0.0\\lib\\netstandard1.0\\_._"
      ],
      "Path": "C:\\Users\\silviu.georgescu\\.nuget\\packages\\microsoft.netcore.platforms\\2.0.0"
    },
    {
      "Package": {
        "Id": "Microsoft.Rest.ClientRuntime",
        "Version": "2.3.21"
      },
      "Assemblies": [
        "C:\\Users\\silviu.georgescu\\.nuget\\packages\\microsoft.rest.clientruntime\\2.3.21\\lib\\netstandard2.0\\Microsoft.Rest.ClientRuntime.dll"
      ],
      "Path": "C:\\Users\\silviu.georgescu\\.nuget\\packages\\microsoft.rest.clientruntime\\2.3.21"
    },
    {
      "Package": {
        "Id": "Microsoft.VisualBasic",
        "Version": "10.3.0"
      },
      "Assemblies": [
        "C:\\Users\\silviu.georgescu\\.nuget\\packages\\microsoft.visualbasic\\10.3.0\\lib\\netcoreapp2.0\\_._"
      ],
      "Path": "C:\\Users\\silviu.georgescu\\.nuget\\packages\\microsoft.visualbasic\\10.3.0"
    },
    {
      "Package": {
        "Id": "Newtonsoft.Json",
        "Version": "13.0.1"
      },
      "Assemblies": [
        "C:\\Users\\silviu.georgescu\\.nuget\\packages\\newtonsoft.json\\13.0.1\\lib\\netstandard2.0\\Newtonsoft.Json.dll"
      ],
      "Path": "C:\\Users\\silviu.georgescu\\.nuget\\packages\\newtonsoft.json\\13.0.1"
    },
    {
      "Package": {
        "Id": "SharpZipLib",
        "Version": "1.3.3"
      },
      "Assemblies": [
        "C:\\Users\\silviu.georgescu\\.nuget\\packages\\sharpziplib\\1.3.3\\lib\\netstandard2.1\\ICSharpCode.SharpZipLib.dll"
      ],
      "Path": "C:\\Users\\silviu.georgescu\\.nuget\\packages\\sharpziplib\\1.3.3"
    },
    {
      "Package": {
        "Id": "System.Activities.ViewModels",
        "Version": "1.0.0-20230713.1"
      },
      "Assemblies": [
        "C:\\Users\\silviu.georgescu\\.nuget\\packages\\system.activities.viewmodels\\1.0.0-20230713.1\\lib\\net5.0\\System.Activities.ViewModels.dll"
      ],
      "Path": "C:\\Users\\silviu.georgescu\\.nuget\\packages\\system.activities.viewmodels\\1.0.0-20230713.1"
    },
    {
      "Package": {
        "Id": "System.Collections.Immutable",
        "Version": "6.0.0"
      },
      "Assemblies": [
        "C:\\Users\\silviu.georgescu\\.nuget\\packages\\system.collections.immutable\\6.0.0\\lib\\net6.0\\System.Collections.Immutable.dll"
      ],
      "Path": "C:\\Users\\silviu.georgescu\\.nuget\\packages\\system.collections.immutable\\6.0.0"
    },
    {
      "Package": {
        "Id": "System.IO.Abstractions",
        "Version": "3.0.10"
      },
      "Assemblies": [
        "C:\\Users\\silviu.georgescu\\.nuget\\packages\\system.io.abstractions\\3.0.10\\lib\\netstandard2.0\\System.IO.Abstractions.dll"
      ],
      "Path": "C:\\Users\\silviu.georgescu\\.nuget\\packages\\system.io.abstractions\\3.0.10"
    },
    {
      "Package": {
        "Id": "System.IO.FileSystem.AccessControl",
        "Version": "4.5.0"
      },
      "Assemblies": [
        "C:\\Users\\silviu.georgescu\\.nuget\\packages\\system.io.filesystem.accesscontrol\\4.5.0\\runtimes\\win\\lib\\netstandard2.0\\System.IO.FileSystem.AccessControl.dll"
      ],
      "Path": "C:\\Users\\silviu.georgescu\\.nuget\\packages\\system.io.filesystem.accesscontrol\\4.5.0"
    },
    {
      "Package": {
        "Id": "System.IO.Pipelines",
        "Version": "4.7.1"
      },
      "Assemblies": [
        "C:\\Users\\silviu.georgescu\\.nuget\\packages\\system.io.pipelines\\4.7.1\\lib\\netcoreapp3.0\\System.IO.Pipelines.dll"
      ],
      "Path": "C:\\Users\\silviu.georgescu\\.nuget\\packages\\system.io.pipelines\\4.7.1"
    },
    {
      "Package": {
        "Id": "System.Memory",
        "Version": "4.5.5"
      },
      "Assemblies": [
        "C:\\Users\\silviu.georgescu\\.nuget\\packages\\system.memory\\4.5.5\\lib\\netcoreapp2.1\\_._"
      ],
      "Path": "C:\\Users\\silviu.georgescu\\.nuget\\packages\\system.memory\\4.5.5"
    },
    {
      "Package": {
        "Id": "System.Reflection.Metadata",
        "Version": "5.0.0"
      },
      "Assemblies": [
        "C:\\Users\\silviu.georgescu\\.nuget\\packages\\system.reflection.metadata\\5.0.0\\lib\\netstandard2.0\\System.Reflection.Metadata.dll"
      ],
      "Path": "C:\\Users\\silviu.georgescu\\.nuget\\packages\\system.reflection.metadata\\5.0.0"
    },
    {
      "Package": {
        "Id": "System.Runtime.CompilerServices.Unsafe",
        "Version": "6.0.0"
      },
      "Assemblies": [
        "C:\\Users\\silviu.georgescu\\.nuget\\packages\\system.runtime.compilerservices.unsafe\\6.0.0\\lib\\net6.0\\System.Runtime.CompilerServices.Unsafe.dll"
      ],
      "Path": "C:\\Users\\silviu.georgescu\\.nuget\\packages\\system.runtime.compilerservices.unsafe\\6.0.0"
    },
    {
      "Package": {
        "Id": "System.Security.AccessControl",
        "Version": "4.5.0"
      },
      "Assemblies": [
        "C:\\Users\\silviu.georgescu\\.nuget\\packages\\system.security.accesscontrol\\4.5.0\\runtimes\\win\\lib\\netcoreapp2.0\\System.Security.AccessControl.dll"
      ],
      "Path": "C:\\Users\\silviu.georgescu\\.nuget\\packages\\system.security.accesscontrol\\4.5.0"
    },
    {
      "Package": {
        "Id": "System.Security.Principal.Windows",
        "Version": "4.5.0"
      },
      "Assemblies": [
        "C:\\Users\\silviu.georgescu\\.nuget\\packages\\system.security.principal.windows\\4.5.0\\runtimes\\win\\lib\\netcoreapp2.0\\System.Security.Principal.Windows.dll"
      ],
      "Path": "C:\\Users\\silviu.georgescu\\.nuget\\packages\\system.security.principal.windows\\4.5.0"
    },
    {
      "Package": {
        "Id": "System.Text.Encoding.CodePages",
        "Version": "6.0.0"
      },
      "Assemblies": [
        "C:\\Users\\silviu.georgescu\\.nuget\\packages\\system.text.encoding.codepages\\6.0.0\\runtimes\\win\\lib\\net6.0\\System.Text.Encoding.CodePages.dll"
      ],
      "Path": "C:\\Users\\silviu.georgescu\\.nuget\\packages\\system.text.encoding.codepages\\6.0.0"
    },
    {
      "Package": {
        "Id": "System.Threading.Channels",
        "Version": "4.7.1"
      },
      "Assemblies": [
        "C:\\Users\\silviu.georgescu\\.nuget\\packages\\system.threading.channels\\4.7.1\\lib\\netcoreapp3.0\\System.Threading.Channels.dll"
      ],
      "Path": "C:\\Users\\silviu.georgescu\\.nuget\\packages\\system.threading.channels\\4.7.1"
    },
    {
      "Package": {
        "Id": "System.Threading.Tasks.Dataflow",
        "Version": "5.0.0"
      },
      "Assemblies": [
        "C:\\Users\\silviu.georgescu\\.nuget\\packages\\system.threading.tasks.dataflow\\5.0.0\\lib\\netstandard2.0\\System.Threading.Tasks.Dataflow.dll"
      ],
      "Path": "C:\\Users\\silviu.georgescu\\.nuget\\packages\\system.threading.tasks.dataflow\\5.0.0"
    },
    {
      "Package": {
        "Id": "System.Threading.Tasks.Extensions",
        "Version": "4.5.4"
      },
      "Assemblies": [
        "C:\\Users\\silviu.georgescu\\.nuget\\packages\\system.threading.tasks.extensions\\4.5.4\\lib\\netcoreapp2.1\\_._"
      ],
      "Path": "C:\\Users\\silviu.georgescu\\.nuget\\packages\\system.threading.tasks.extensions\\4.5.4"
    },
    {
      "Package": {
        "Id": "System.ValueTuple",
        "Version": "4.5.0"
      },
      "Assemblies": [
        "C:\\Users\\silviu.georgescu\\.nuget\\packages\\system.valuetuple\\4.5.0\\lib\\netcoreapp2.0\\_._"
      ],
      "Path": "C:\\Users\\silviu.georgescu\\.nuget\\packages\\system.valuetuple\\4.5.0"
    },
    {
      "Package": {
        "Id": "UiPath.CodedWorkflows",
        "Version": "23.6.0-preview"
      },
      "Assemblies": [
        "C:\\Users\\silviu.georgescu\\.nuget\\packages\\uipath.codedworkflows\\23.6.0-preview\\lib\\net6.0\\UiPath.CodedWorkflows.dll"
      ],
      "Path": "C:\\Users\\silviu.georgescu\\.nuget\\packages\\uipath.codedworkflows\\23.6.0-preview"
    },
    {
      "Package": {
        "Id": "UiPath.Platform",
        "Version": "23.8.0-alpha.4168429"
      },
      "Assemblies": [
        "C:\\Users\\silviu.georgescu\\.nuget\\packages\\uipath.platform\\23.8.0-alpha.4168429\\lib\\net6.0\\UiPath.Platform.dll"
      ],
      "Path": "C:\\Users\\silviu.georgescu\\.nuget\\packages\\uipath.platform\\23.8.0-alpha.4168429"
    },
    {
      "Package": {
        "Id": "UiPath.System.Activities",
        "Version": "23.8.1-preview"
      },
      "Assemblies": [
        "C:\\Users\\silviu.georgescu\\.nuget\\packages\\uipath.system.activities\\23.8.1-preview\\lib\\net6.0\\UiPath.System.Activities.ViewModels.dll"
      ],
      "Path": "C:\\Users\\silviu.georgescu\\.nuget\\packages\\uipath.system.activities\\23.8.1-preview"
    },
    {
      "Package": {
        "Id": "UiPath.System.Activities.Runtime.Portable",
        "Version": "23.8.1-preview"
      },
      "Assemblies": [
        "C:\\Users\\silviu.georgescu\\.nuget\\packages\\uipath.system.activities.runtime.portable\\23.8.1-preview\\lib\\net6.0\\UiPath.OrchestratorClient.dll",
        "C:\\Users\\silviu.georgescu\\.nuget\\packages\\uipath.system.activities.runtime.portable\\23.8.1-preview\\lib\\net6.0\\UiPath.System.Activities.Api.dll",
        "C:\\Users\\silviu.georgescu\\.nuget\\packages\\uipath.system.activities.runtime.portable\\23.8.1-preview\\lib\\net6.0\\UiPath.System.Activities.dll"
      ],
      "Path": "C:\\Users\\silviu.georgescu\\.nuget\\packages\\uipath.system.activities.runtime.portable\\23.8.1-preview"
    },
    {
      "Package": {
        "Id": "UiPath.Telemetry.Client",
        "Version": "1.5.3"
      },
      "Assemblies": [
        "C:\\Users\\silviu.georgescu\\.nuget\\packages\\uipath.telemetry.client\\1.5.3\\lib\\netstandard2.0\\TelemetryClient.dll"
      ],
      "Path": "C:\\Users\\silviu.georgescu\\.nuget\\packages\\uipath.telemetry.client\\1.5.3"
    }
  ]
}